time,latitude,longitude,depth,mag,magType,nst,gap,dmin,rms,net,id,updated,place,type,horizontalError,depthError,magError,magNst,status,locationSource,magSource
2022-10-25T07:25:13.673Z,53.9214,-35.2825,10,4.4,mb,31,105,9.065,0.84,us,us7000ikzi,2023-01-03T15:23:46.040Z,"Reykjanes Ridge",earthquake,11.2,1.905,0.13,17,reviewed,us,us
2022-10-25T07:02:37.303Z,53.8052,-35.2916,10,4.6,mb,48,64,9.16,0.61,us,us6000iwa4,2023-01-03T15:23:37.040Z,"",earthquake,10.11,1.857,0.067,67,reviewed,us,us
2022-10-25T06:54:06.108Z,53.725,-35.236,10,4.5,mb,70,129,9.246,0.42,us,us6000iwa5,2023-01-03T15:23:37.040Z,"Reykjanes Ridge",earthquake,8.89,1.444,0.066,68,reviewed,us,us
2022-10-18T11:37:18.818Z,53.8934,-35.414,10,4.4,mb,16,146,9.047,0.34,us,us6000ivjp,2022-12-31T23:03:47.040Z,"Reykjanes Ridge",earthquake,11.53,1.957,0.178,9,reviewed,us,us
2022-10-18T10:50:05.935Z,53.9351,-35.1474,10,4.5,mb,84,86,9.097,0.59,us,us6000ivjg,2022-12-31T23:03:47.040Z,"",earthquake,10.84,1.882,0.065,70,reviewed,us,us
2022-10-18T09:03:46.586Z,53.9983,-35.1749,10,4.6,mb,93,54,9.035,0.38,us,us6000iuhp,2022-12-31T23:03:37.040Z,"Reykjanes Ridge",earthquake,9.92,1.834,0.054,101,reviewed,us,us
2022-10-18T08:21:38.942Z,53.9641,-35.1563,10,4.6,mb,44,71,9.07,0.88,us,us6000iuhn,2022-12-31T23:03:37.040Z,"Reykjanes Ridge",earthquake,9.97,1.646,0.06,83,reviewed,us,us
2022-10-18T05:31:01.436Z,53.9158,-35.2831,10,4.3,mb,35,113,9.07,0.42,us,us6000ivj4,2022-12-31T23:03:47.040Z,"",earthquake,12.27,1.938,0.105,26,reviewed,us,us
2022-10-18T05:03:37.971Z,53.9156,-35.2255,10,4.4,mb,45,106,9.088,0.4,us,us6000ivj3,2022-12-31T23:03:47.040Z,"Reykjanes Ridge",earthquake,2.92,1.915,0.074,52,reviewed,us,us
2022-10-18T04:01:06.741Z,53.9206,-35.2345,10,4.4,mb,38,86,18.353,0.41,us,us6000ivjf,2022-12-31T23:03:47.040Z,"Reykjanes Ridge",earthquake,11.89,1.736,0.104,27,reviewed,us,us
2022-10-18T03:42:38.022Z,53.9126,-35.3231,10,4.5,mb,52,91,9.059,0.3,us,us6000ivj0,2022-12-31T23:03:47.040Z,"Reykjanes Ridge",earthquake,11,1.869,0.089,37,reviewed,us,us
2022-10-18T03:17:44.334Z,54.0066,-35.3277,10,4.4,mb,38,105,9.962,0.51,us,us6000iviz,2022-12-31T23:03:47.040Z,"Reykjanes Ridge",earthquake,9.72,1.904,0.109,24,reviewed,us,us
2022-10-18T03:07:19.891Z,53.9202,-35.1129,10,4.3,mb,22,86,18.422,0.44,us,us6000iviy,2022-12-31T23:03:47.040Z,"Reykjanes Ridge",earthquake,12.85,1.838,0.161,11,reviewed,us,us
2022-10-14T01:34:35.611Z,52.9038,-35.0263,10,4.8,mb,72,83,10.954,0.77,us,us6000itj1,2022-12-17T22:54:04.040Z,"Reykjanes Ridge",earthquake,10.68,1.861,0.039,199,reviewed,us,us
2022-10-10T16:39:56.067Z,53.9347,-35.4238,10,4.5,mb,90,90,11.771,0.46,us,us6000itn9,2022-12-17T22:54:10.040Z,"Reykjanes Ridge",earthquake,10.17,1.838,0.061,82,reviewed,us,us
2022-10-10T14:56:29.661Z,53.9343,-35.1051,10,4.5,mb,68,57,9.111,0.48,us,us6000itng,2022-12-17T22:54:10.040Z,"",earthquake,11.12,1.871,0.077,52,reviewed,us,us
2022-10-10T14:33:05.129Z,53.9719,-35.1511,10,4.4,mb,74,105,9.065,0.54,us,us6000itne,2022-12-17T22:54:10.040Z,"Reykjanes Ridge",earthquake,8.14,1.829,0.071,59,reviewed,us,us
2022-10-10T13:23:50.741Z,53.7724,-35.1744,10,4.6,mb,106,46,9.225,0.43,us,us6000isi2,2022-12-17T22:53:50.040Z,"Reykjanes Ridge",earthquake,9.74,1.834,0.052,116,reviewed,us,us
2022-10-10T06:45:08.087Z,53.9073,-35.152,10,4.5,mb,75,90,18.403,0.42,us,us6000isf8,2022-12-17T22:53:48.040Z,"Reykjanes Ridge",earthquake,11.97,1.871,0.069,62,reviewed,us,us
2022-10-10T05:56:37.052Z,53.8131,-35.0862,10,4.6,mb,55,90,9.219,0.56,us,us6000itmr,2022-12-17T22:54:09.040Z,"Reykjanes Ridge",earthquake,11.17,1.869,0.086,40,reviewed,us,us
2022-10-10T05:12:02.275Z,53.7837,-35.1023,10,4.7,mb,91,71,9.239,0.35,us,us6000itmy,2022-12-17T22:54:09.040Z,"Reykjanes Ridge",earthquake,10.4,1.863,0.059,88,reviewed,us,us
2022-10-10T00:44:47.962Z,54.083,-35.0767,10,4.6,mb,78,57,8.996,0.43,us,us6000itmh,2022-12-17T22:54:08.040Z,"Reykjanes Ridge",earthquake,9.8,1.871,0.071,59,reviewed,us,us
2022-10-08T15:45:13.178Z,53.8482,-35.0696,10,4.5,mb,28,137,9.195,0.46,us,us6000itcv,2022-12-17T22:54:02.040Z,"Reykjanes Ridge",earthquake,12.05,1.953,0.115,22,reviewed,us,us
2022-10-07T16:14:06.138Z,53.8115,-35.6493,10,4.6,mb,47,71,9.043,0.65,us,us6000irwc,2022-12-10T22:53:54.040Z,"Reykjanes Ridge",earthquake,8.05,1.554,0.046,139,reviewed,us,us
2022-10-07T04:31:22.110Z,53.9488,-35.2444,10,4.6,mb,25,105,22.168,1.02,us,us6000itat,2022-12-10T22:54:09.040Z,"Reykjanes Ridge",earthquake,13.4,1.888,0.133,17,reviewed,us,us
2022-10-07T04:12:58.550Z,53.9747,-35.2536,10,4.6,mb,38,105,18.327,0.89,us,us6000itau,2022-12-10T22:54:09.040Z,"Reykjanes Ridge",earthquake,13.62,1.92,0.082,45,reviewed,us,us
2022-10-07T04:00:37.703Z,54.1417,-35.1402,10,4.5,mb,24,95,8.927,0.83,us,us6000itas,2022-12-10T22:54:09.040Z,"Reykjanes Ridge",earthquake,8.45,1.898,0.15,14,reviewed,us,us
2022-10-05T21:10:21.776Z,53.6609,-35.257,10,4.4,mb,27,138,20.51,0.67,us,us6000isqx,2022-12-10T22:54:04.040Z,"Reykjanes Ridge",earthquake,14.47,1.941,0.13,17,reviewed,us,us
2022-10-04T15:20:31.005Z,53.8687,-35.0759,10,4.4,mb,41,74,9.176,0.69,us,us6000ish2,2022-12-10T22:53:59.040Z,"Reykjanes Ridge",earthquake,10.8,1.586,0.12,21,reviewed,us,us
2022-10-04T15:07:30.988Z,53.9048,-35.0681,10,4.4,mb,82,74,9.148,0.6,us,us6000ish1,2022-12-10T22:53:59.040Z,"Reykjanes Ridge",earthquake,8.96,1.575,0.068,65,reviewed,us,us
2022-10-04T14:58:59.408Z,53.7544,-35.2477,10,4.5,mb,71,61,9.217,0.52,us,us6000iqq4,2022-12-10T22:53:07.040Z,"Reykjanes Ridge",earthquake,9.59,1.578,0.078,53,reviewed,us,us
2022-10-04T14:41:32.633Z,53.8534,-35.1487,10,4.6,mb,105,71,9.165,0.48,us,us6000ish0,2022-12-10T22:53:59.040Z,"Reykjanes Ridge",earthquake,10.33,1.859,0.059,88,reviewed,us,us
2022-10-04T14:35:35.841Z,53.7635,-35.1945,10,4.4,mb,46,86,9.226,0.53,us,us6000isha,2022-12-10T22:54:01.040Z,"Reykjanes Ridge",earthquake,3.33,1.878,0.099,31,reviewed,us,us
2022-10-04T14:17:02.865Z,53.744,-35.2312,10,4.5,mb,64,85,9.231,0.54,us,us6000isgy,2022-12-10T22:53:59.040Z,"Reykjanes Ridge",earthquake,9.95,1.86,0.083,43,reviewed,us,us
2022-10-04T13:47:51.444Z,53.835,-35.1886,10,4.6,mb,79,67,9.168,0.56,us,us6000isgx,2022-12-10T22:53:59.040Z,"Reykjanes Ridge",earthquake,7.41,1.793,0.063,75,reviewed,us,us
2022-10-04T11:01:42.094Z,53.9137,-35.2336,10,4.5,mb,99,90,9.087,0.33,us,us6000iqnm,2022-12-10T22:53:05.040Z,"Reykjanes Ridge",earthquake,9.17,1.825,0.055,98,reviewed,us,us
2022-10-04T10:59:16.860Z,54.0717,-35.0452,10,4.5,mb,44,88,9.016,0.42,us,us6000isgu,2022-12-10T22:53:58.040Z,"Reykjanes Ridge",earthquake,12.18,1.914,0.098,30,reviewed,us,us
2022-10-03T18:08:22.131Z,53.6712,-35.507,10,5,mww,103,24,9.207,0.92,us,us6000iqid,2022-12-10T22:53:00.040Z,"Reykjanes Ridge",earthquake,9.18,1.776,0.046,46,reviewed,us,us
2022-10-03T11:50:55.114Z,54.0731,-35.1002,10,4.5,mb,56,86,8.997,0.43,us,us6000iruy,2022-12-10T22:53:50.040Z,"Reykjanes Ridge",earthquake,10.54,1.904,0.079,47,reviewed,us,us
2022-10-03T10:36:49.391Z,53.9461,-35.2801,10,4.6,mb,44,71,18.32,0.61,us,us6000iqe5,2022-12-10T22:52:58.040Z,"Reykjanes Ridge",earthquake,11.77,1.858,0.067,79,reviewed,us,us
2022-10-03T10:19:20.467Z,53.9589,-35.2575,10,4.5,mb,48,86,18.329,0.49,us,us6000iqe1,2022-12-10T22:52:58.040Z,"Reykjanes Ridge",earthquake,9.98,1.446,0.058,88,reviewed,us,us
2022-10-03T09:54:15.738Z,53.9619,-35.17,10,4.5,mb,32,149,15.057,0.53,us,us6000irv3,2022-12-10T22:53:52.040Z,"Reykjanes Ridge",earthquake,11.45,1.888,0.095,32,reviewed,us,us
2022-10-03T09:18:56.320Z,53.9936,-35.1972,10,4.3,mb,21,146,18.497,0.61,us,us6000iruu,2022-12-10T22:53:50.040Z,"Reykjanes Ridge",earthquake,12.1,1.924,0.178,12,reviewed,us,us
2022-10-03T05:20:50.932Z,54.1013,-35.2606,10,4.4,mb,13,109,8.921,0.41,us,us6000irva,2022-12-10T22:53:53.040Z,"Reykjanes Ridge",earthquake,12.78,1.916,0.179,9,reviewed,us,us
2022-10-02T17:38:21.099Z,54.0657,-35.1886,10,4.5,mb,16,149,8.974,0.68,us,us6000iru1,2022-12-10T22:53:46.040Z,"Reykjanes Ridge",earthquake,10.84,1.918,0.222,6,reviewed,us,us
2022-10-02T16:44:32.186Z,53.9047,-35.2395,10,4.7,mb,140,66,9.093,0.58,us,us6000iru8,2022-12-10T22:53:47.040Z,"Reykjanes Ridge",earthquake,9.48,1.828,0.046,148,reviewed,us,us
2022-10-02T16:09:24.200Z,53.918,-35.2236,10,4.6,mb,99,45,9.087,0.66,us,us6000iq8t,2022-12-10T22:52:48.040Z,"Reykjanes Ridge",earthquake,8.38,1.701,0.054,104,reviewed,us,us
2022-10-01T23:51:33.331Z,54.1252,-35.2706,10,4.5,mb,47,112,18.278,0.63,us,us6000irk7,2022-12-10T22:53:33.040Z,"Reykjanes Ridge",earthquake,12.8,1.901,0.095,32,reviewed,us,us
2022-10-01T13:41:38.787Z,53.9724,-35.173,10,4.6,mb,113,68,18.982,0.59,us,us6000ipzu,2022-12-10T22:52:32.040Z,"Reykjanes Ridge",earthquake,9.22,1.839,0.055,105,reviewed,us,us
2022-10-01T13:37:44.543Z,54.0412,-35.3056,10,4.7,mb,25,149,18.28,0.88,us,us6000irjm,2022-12-10T22:53:30.040Z,"Reykjanes Ridge",earthquake,14.4,1.828,0.097,32,reviewed,us,us
2022-10-01T13:19:09.659Z,53.6804,-34.9694,10,4.5,mb,15,161,22.282,1.05,us,us6000irji,2022-12-10T22:53:29.040Z,"Reykjanes Ridge",earthquake,15.05,1.875,0.181,9,reviewed,us,us
2022-10-01T11:31:16.429Z,53.6828,-35.2397,10,4.6,mb,64,84,18.415,0.35,us,us6000irjp,2022-12-10T22:53:30.040Z,"Reykjanes Ridge",earthquake,11.06,1.866,0.073,57,reviewed,us,us
2022-10-01T04:58:04.089Z,53.7791,-35.2178,10,4.8,mb,58,38,9.206,0.8,us,us6000ipx0,2022-12-10T22:52:27.040Z,"Reykjanes Ridge",earthquake,10.26,1.83,0.054,107,reviewed,us,us
2022-10-01T04:46:01.650Z,53.8219,-35.2219,10,4.5,mb,26,129,18.562,0.9,us,us6000irjb,2022-12-10T22:53:29.040Z,"Reykjanes Ridge",earthquake,14.29,1.926,0.15,13,reviewed,us,us
2022-10-01T04:25:10.001Z,53.7866,-35.2019,10,4.5,mb,30,148,9.205,0.91,us,us6000irja,2022-12-10T22:53:28.040Z,"Reykjanes Ridge",earthquake,11.71,1.846,0.135,16,reviewed,us,us
2022-10-01T02:06:08.845Z,53.7617,-35.1866,10,4.8,mb,58,56,9.231,1.07,us,us6000ipvm,2022-12-10T22:52:25.040Z,"Reykjanes Ridge",earthquake,9.54,1.801,0.045,153,reviewed,us,us
2022-10-01T01:39:23.759Z,53.7163,-35.5555,10,4.5,mb,19,145,9.153,0.64,us,us6000irit,2022-12-10T22:53:27.040Z,"Reykjanes Ridge",earthquake,13.06,1.965,0.17,11,reviewed,us,us
2022-10-01T01:28:21.536Z,53.7222,-35.4384,10,4.6,mb,42,144,15.214,0.79,us,us6000ipvd,2022-12-10T22:52:25.040Z,"Reykjanes Ridge",earthquake,12.63,1.939,0.092,35,reviewed,us,us
2022-10-01T01:18:53.386Z,53.7049,-35.5074,10,6,mww,130,24,9.178,0.77,us,us6000ipva,2022-12-10T22:52:25.040Z,"Reykjanes Ridge",earthquake,8.88,1.787,0.03,106,reviewed,us,us
2022-09-30T21:10:45.047Z,54.043,-35.1729,10,4.6,mb,91,105,8.998,0.52,us,us6000irie,2022-12-03T22:03:16.040Z,"Reykjanes Ridge",earthquake,3.9,1.883,0.06,82,reviewed,us,us
2022-09-30T20:45:01.248Z,53.926,-35.1977,10,4.6,mb,72,71,9.088,0.72,us,us6000irid,2022-12-03T22:03:16.040Z,"Reykjanes Ridge",earthquake,4.62,1.838,0.077,53,reviewed,us,us
2022-09-30T19:52:05.819Z,53.8878,-35.3066,10,4.9,mb,176,27,9.086,0.59,us,us6000iprv,2022-12-03T22:02:54.040Z,"Reykjanes Ridge",earthquake,9.12,1.788,0.043,173,reviewed,us,us
2022-09-30T19:37:18.949Z,53.9828,-35.1809,10,4.6,mb,71,85,9.046,0.51,us,us6000iria,2022-12-03T22:03:15.040Z,"Reykjanes Ridge",earthquake,7.31,1.815,0.076,52,reviewed,us,us
2022-09-30T15:08:34.133Z,54.0376,-35.1358,10,4.5,mb,67,45,9.015,0.59,us,us6000iric,2022-12-03T22:03:15.040Z,"Reykjanes Ridge",earthquake,10.44,1.861,0.081,48,reviewed,us,us
2022-09-30T13:33:52.747Z,53.9734,-35.3074,10,4.6,mb,46,72,9.013,0.38,us,us6000iri8,2022-12-03T22:03:15.040Z,"Reykjanes Ridge",earthquake,10.93,1.93,0.09,37,reviewed,us,us
2022-09-30T12:50:10.040Z,53.9886,-35.2858,10,4.8,mb,93,59,9.008,0.32,us,us6000ipml,2022-12-03T22:02:49.040Z,"Reykjanes Ridge",earthquake,8.52,1.536,0.046,148,reviewed,us,us
2022-09-30T12:21:08.090Z,53.682,-35.1639,10,4.5,mb,47,110,9.305,0.41,us,us6000ipmj,2022-12-03T22:02:48.040Z,"Reykjanes Ridge",earthquake,9.05,1.882,0.084,42,reviewed,us,us
2022-09-30T11:38:53.296Z,53.5161,-35.3866,10,4.6,mb,68,89,9.377,0.39,us,us6000ipmb,2022-12-03T22:02:48.040Z,"Reykjanes Ridge",earthquake,10.22,1.871,0.064,72,reviewed,us,us
2022-09-30T03:22:17.233Z,53.8236,-35.1384,10,4.7,mb,60,36,9.194,0.76,us,us6000ipi7,2022-12-03T22:02:43.040Z,"",earthquake,10.19,1.826,0.061,82,reviewed,us,us
2022-09-30T02:22:24.058Z,53.9812,-35.1357,10,4.7,mb,35,118,9.062,1.09,us,us6000irhn,2022-12-03T22:03:15.040Z,"",earthquake,11.72,1.693,0.12,22,reviewed,us,us
2022-09-29T22:18:51.958Z,53.8469,-35.1237,10,4.9,mb,59,101,9.179,0.46,us,us6000ipg7,2022-12-03T22:02:42.040Z,"Reykjanes Ridge",earthquake,10.12,1.904,0.068,69,reviewed,us,us
2022-09-29T21:58:19.661Z,53.7985,-35.6715,10,4.5,mb,38,142,9.047,0.52,us,us6000ir4c,2022-12-03T22:03:14.040Z,"",earthquake,11.35,1.928,0.111,24,reviewed,us,us
2022-09-29T21:27:33.081Z,53.8292,-35.2217,10,4.5,mb,33,139,9.162,0.59,us,us6000ir4a,2022-12-03T22:03:14.040Z,"",earthquake,10.84,1.909,0.113,23,reviewed,us,us
2022-09-29T20:47:02.194Z,53.5723,-35.3061,10,4.5,mb,56,71,9.354,0.86,us,us6000ipfa,2022-12-03T22:02:42.040Z,"Reykjanes Ridge",earthquake,8.14,1.881,0.075,53,reviewed,us,us
2022-09-29T20:23:47.944Z,53.5864,-35.3762,10,4.7,mb,61,46,15.354,0.84,us,us6000ipf7,2022-12-03T22:02:42.040Z,"Reykjanes Ridge",earthquake,9.44,1.819,0.057,93,reviewed,us,us
2022-09-29T19:47:06.155Z,53.5321,-35.2299,10,4.4,mb,16,171,18.657,0.6,us,us6000ir45,2022-12-03T22:03:13.040Z,"Reykjanes Ridge",earthquake,10.57,1.959,0.378,2,reviewed,us,us
2022-09-29T17:25:36.420Z,53.8895,-35.4072,10,4.3,mb,24,79,9.052,0.95,us,us6000ir46,2022-12-03T22:03:13.040Z,"Reykjanes Ridge",earthquake,9.74,1.858,0.178,12,reviewed,us,us
2022-09-29T16:41:36.613Z,53.7866,-35.4988,10,4.2,mb,11,160,9.111,0.51,us,us6000ir41,2022-12-03T22:03:13.040Z,"Reykjanes Ridge",earthquake,7.79,1.995,0.264,5,reviewed,us,us
2022-09-29T16:27:47.244Z,53.7224,-35.3284,10,4.4,mb,34,148,9.219,0.78,us,us6000ir4b,2022-12-03T22:03:14.040Z,"Reykjanes Ridge",earthquake,11.85,1.778,0.135,20,reviewed,us,us
2022-09-29T15:36:18.812Z,53.5274,-34.9607,10,4.5,mb,12,119,12.201,0.33,us,us6000ir4f,2022-12-03T22:03:14.040Z,"Reykjanes Ridge",earthquake,13.69,1.918,0.205,8,reviewed,us,us
2022-09-29T15:32:29.909Z,53.7011,-35.1138,7,5.8,mww,199,24,9.305,0.72,us,us6000ipdh,2022-12-03T22:02:41.040Z,"",earthquake,8.66,1.749,0.038,66,reviewed,us,us
2022-09-29T15:11:02.845Z,53.8454,-35.2215,10,4.8,mb,192,71,9.149,0.54,us,us6000ipdd,2022-12-03T22:02:41.040Z,"",earthquake,6.34,1.737,0.037,237,reviewed,us,us
2022-09-29T14:54:36.128Z,54.0401,-35.0125,10,4.5,mb,23,185,9.053,0.62,us,us6000ir3w,2022-12-03T22:03:12.040Z,"Reykjanes Ridge",earthquake,14.52,1.968,0.128,18,reviewed,us,us
2022-09-29T12:55:17.346Z,53.8855,-35.2663,10,4.4,mb,23,160,18.568,0.77,us,us6000ir44,2022-12-03T22:03:13.040Z,"Reykjanes Ridge",earthquake,7.92,1.943,0.162,11,reviewed,us,us
2022-09-29T12:30:01.162Z,54.0889,-35.1181,10,4.7,mb,35,159,8.978,1.03,us,us6000ir3s,2022-12-03T22:03:12.040Z,"Reykjanes Ridge",earthquake,11.1,1.898,0.11,25,reviewed,us,us
2022-09-29T12:20:58.446Z,53.9705,-35.1821,10,4.8,mb,40,116,15.046,0.51,us,us6000ir3x,2022-12-03T22:03:12.040Z,"Reykjanes Ridge",earthquake,11.32,1.863,0.096,34,reviewed,us,us
2022-09-29T12:16:38.992Z,53.6224,-35.2391,10,4.7,mb,60,52,9.332,0.77,us,us6000ipbs,2022-12-03T22:02:39.040Z,"",earthquake,10.42,1.863,0.056,98,reviewed,us,us
2022-09-29T11:42:03.428Z,53.8164,-35.3026,10,4.6,mb,24,161,9.147,0.62,us,us6000ir42,2022-12-03T22:03:13.040Z,"",earthquake,12.5,1.957,0.133,17,reviewed,us,us
2022-09-29T11:15:43.300Z,53.956,-35.3618,10,4.5,mb,28,116,9.011,0.65,us,us6000ir3l,2022-12-03T22:03:12.040Z,"",earthquake,5.75,1.902,0.11,30,reviewed,us,us
2022-09-29T10:30:45.870Z,53.5967,-35.2851,10,4.4,mb,31,149,14.505,0.63,us,us6000ir3z,2022-12-03T22:03:13.040Z,"Reykjanes Ridge",earthquake,12.62,1.894,0.112,23,reviewed,us,us
2022-09-29T10:03:11.877Z,53.7706,-35.3843,10,4.6,mb,33,148,11.937,0.78,us,us6000ir3h,2022-12-03T22:03:11.040Z,"Reykjanes Ridge",earthquake,8.2,1.912,0.075,52,reviewed,us,us
2022-09-29T09:55:57.973Z,53.8263,-35.1536,10,5.1,mb,82,29,9.187,0.66,us,us6000ipaf,2022-12-03T22:02:39.040Z,"Reykjanes Ridge",earthquake,8.93,1.745,0.032,308,reviewed,us,us
2022-09-29T09:32:27.525Z,53.8233,-35.3132,10,4.7,mb,62,44,10.112,0.93,us,us6000ipaa,2022-12-03T22:02:39.040Z,"Reykjanes Ridge",earthquake,8.78,1.793,0.047,140,reviewed,us,us
2022-09-29T08:57:03.919Z,53.5463,-35.3958,10,4.5,mb,40,123,18.365,0.39,us,us6000ir3d,2022-12-03T22:03:11.040Z,"Reykjanes Ridge",earthquake,11.04,1.895,0.084,42,reviewed,us,us
2022-09-29T08:40:42.289Z,53.5242,-35.232,10,4.5,mb,35,72,18.465,0.42,us,us6000ir3u,2022-12-03T22:03:12.040Z,"Reykjanes Ridge",earthquake,12.86,1.747,0.115,26,reviewed,us,us
2022-09-29T08:14:51.353Z,53.374,-35.3867,10,4.7,mb,80,93,15.548,0.43,us,us6000ip9u,2022-12-03T22:02:38.040Z,"Reykjanes Ridge",earthquake,7.89,1.891,0.051,118,reviewed,us,us
2022-09-29T07:50:12.421Z,53.5703,-35.4333,10,4.7,mb,96,55,15.356,0.5,us,us6000ip9g,2022-12-03T22:02:38.040Z,"Reykjanes Ridge",earthquake,9.57,1.856,0.045,150,reviewed,us,us
2022-09-29T06:58:38.510Z,53.5407,-35.0244,10,4.7,mb,64,70,10.441,0.57,us,us6000ip93,2022-12-03T22:02:38.040Z,"",earthquake,8.72,1.635,0.049,124,reviewed,us,us
2022-09-29T06:36:02.474Z,53.7166,-35.1429,10,4.8,mb,159,50,10.259,0.49,us,us6000ip8a,2022-12-03T22:02:38.040Z,"Reykjanes Ridge",earthquake,9.66,1.851,0.038,219,reviewed,us,us
2022-09-29T06:11:09.022Z,53.6204,-35.1813,10,4.6,mb,70,108,17.942,0.38,us,us6000ir3m,2022-12-03T22:03:12.040Z,"",earthquake,11.54,1.839,0.067,66,reviewed,us,us
2022-09-29T05:50:17.412Z,53.3107,-34.8398,10,4.4,mb,30,114,19.4,0.41,us,us6000ir38,2022-12-03T22:03:11.040Z,"",earthquake,13.6,1.881,0.117,27,reviewed,us,us
2022-09-29T05:38:52.013Z,53.7407,-35.3248,10,4.6,mb,73,153,9.205,0.38,us,us6000ip7w,2022-12-03T22:02:38.040Z,"Reykjanes Ridge",earthquake,5.59,1.937,0.061,80,reviewed,us,us
2022-09-29T05:38:22.930Z,53.2756,-35.5116,10,4.5,mb,29,149,13.58,0.25,us,us6000ir36,2022-12-03T22:03:10.040Z,"Reykjanes Ridge",earthquake,15.03,1.957,0.118,26,reviewed,us,us
2022-09-29T05:29:23.441Z,53.7218,-35.2611,10,4.6,mb,65,102,15.256,0.43,us,us6000ir31,2022-12-03T22:03:09.040Z,"Reykjanes Ridge",earthquake,12.61,1.918,0.073,59,reviewed,us,us
2022-09-29T05:26:50.105Z,53.6158,-35.4278,10,4.5,mb,19,187,18.327,0.5,us,us6000ir33,2022-12-03T22:03:09.040Z,"Reykjanes Ridge",earthquake,8.42,1.989,0.135,17,reviewed,us,us
2022-09-29T05:21:06.306Z,53.6002,-35.1923,10,4.5,mb,32,152,17.132,0.58,us,us6000ir32,2022-12-03T22:03:09.040Z,"Reykjanes Ridge",earthquake,14.52,1.955,0.108,28,reviewed,us,us
2022-09-29T05:07:08.555Z,53.7806,-35.1572,10,4.4,mb,22,139,17.343,0.57,us,us6000ir4i,2022-12-03T22:03:14.040Z,"Reykjanes Ridge",earthquake,8.94,1.864,0.144,18,reviewed,us,us
2022-09-29T05:05:47.353Z,53.6377,-35.1801,10,4.6,mb,64,106,15.353,0.58,us,us6000ir30,2022-12-03T22:03:09.040Z,"Reykjanes Ridge",earthquake,8.92,1.876,0.078,54,reviewed,us,us
2022-09-29T05:03:07.132Z,53.5913,-35.0278,10,4.5,mb,30,116,15.431,0.44,us,us6000ir2z,2022-12-03T22:03:09.040Z,"Reykjanes Ridge",earthquake,8.92,1.912,0.115,24,reviewed,us,us
2022-09-29T05:00:37.735Z,53.7374,-35.1982,10,4.3,mb,18,118,15.257,0.61,us,us6000ir2w,2022-12-03T22:03:09.040Z,"Reykjanes Ridge",earthquake,12.69,1.95,0.148,14,reviewed,us,us
2022-09-29T04:51:41.242Z,53.7739,-35.3218,10,4.4,mb,28,148,9.177,0.64,us,us6000ir2x,2022-12-03T22:03:09.040Z,"Reykjanes Ridge",earthquake,12.41,1.935,0.162,11,reviewed,us,us
2022-09-29T04:45:07.033Z,53.7522,-35.1919,10,4.8,mb,77,31,15.245,0.84,us,us6000ip6w,2022-12-03T22:02:38.040Z,"Reykjanes Ridge",earthquake,9.04,1.757,0.052,116,reviewed,us,us
2022-09-29T04:08:22.612Z,53.853,-35.1868,10,5,mb,77,52,15.153,0.48,us,us6000ip67,2022-12-03T22:02:38.040Z,"Reykjanes Ridge",earthquake,10.15,1.817,0.037,239,reviewed,us,us
2022-09-29T04:04:12.883Z,53.565,-35.349,10,4.3,mb,28,86,18.387,0.4,us,us6000ir2v,2022-12-03T22:03:09.040Z,"Reykjanes Ridge",earthquake,11.91,1.884,0.217,10,reviewed,us,us
2022-09-29T03:22:05.170Z,53.7734,-35.1444,10,4.2,mb,19,98,9.234,0.93,us,us6000ir2t,2022-12-03T22:03:08.040Z,"Reykjanes Ridge",earthquake,5.28,1.903,0.215,6,reviewed,us,us
2022-09-29T02:47:43.001Z,53.8284,-35.2541,10,4.1,mb,12,161,9.153,0.39,us,us6000ir2q,2022-12-03T22:03:08.040Z,"Reykjanes Ridge",earthquake,14.89,1.862,0.522,1,reviewed,us,us
2022-09-29T02:45:20.661Z,53.7457,-35.2946,10,4.2,mb,21,82,9.21,0.83,us,us6000ir2r,2022-12-03T22:03:08.040Z,"Reykjanes Ridge",earthquake,11.14,1.904,0.176,9,reviewed,us,us
2022-09-29T02:39:34.985Z,54.2301,-35.0174,10,4.3,mb,18,107,8.894,0.43,us,us6000ir2s,2022-12-03T22:03:08.040Z,"",earthquake,9.47,1.792,0.308,3,reviewed,us,us
2022-09-29T02:23:59.535Z,53.388,-35.2336,10,5.2,mww,63,56,18.705,0.49,us,us6000ip52,2022-12-03T22:02:37.040Z,"Reykjanes Ridge",earthquake,6.89,1.826,0.043,53,reviewed,us,us
2022-09-29T02:18:58.290Z,53.5726,-35.3279,10,4.3,mb,25,161,18.397,0.65,us,us6000ir2p,2022-12-03T22:03:08.040Z,"Reykjanes Ridge",earthquake,11.6,1.907,0.201,7,reviewed,us,us
2022-09-29T02:15:47.353Z,53.6604,-35.2811,10,4.5,mb,31,65,18.398,0.79,us,us6000ir2n,2022-12-03T22:03:08.040Z,"Reykjanes Ridge",earthquake,12.47,1.864,0.157,12,reviewed,us,us
2022-09-29T02:06:45.119Z,53.6861,-35.0182,10,4.6,mb,94,82,15.346,0.76,us,us6000ip50,2022-12-03T22:02:37.040Z,"Reykjanes Ridge",earthquake,10.82,1.853,0.064,72,reviewed,us,us
2022-09-29T01:36:23.911Z,53.7112,-35.2245,10,4.6,mb,71,149,15.275,0.52,us,us6000ir2m,2022-12-03T22:03:08.040Z,"Reykjanes Ridge",earthquake,12.52,1.896,0.079,48,reviewed,us,us
2022-09-29T00:38:28.440Z,53.8452,-35.2266,10,4.9,mb,95,92,9.147,0.56,us,us6000ip48,2022-12-03T22:02:37.040Z,"Reykjanes Ridge",earthquake,7,1.848,0.065,74,reviewed,us,us
2022-09-29T00:34:27.613Z,53.7851,-35.2325,10,4.6,mb,58,105,15.205,0.47,us,us6000ir2k,2022-12-03T22:03:08.040Z,"",earthquake,10.32,1.891,0.085,41,reviewed,us,us
2022-09-29T00:03:52.905Z,53.7701,-35.3228,10,4.6,mb,55,101,18.344,0.53,us,us6000ir2j,2022-12-03T22:03:08.040Z,"",earthquake,5.58,1.864,0.088,39,reviewed,us,us
2022-09-28T23:54:02.873Z,53.6897,-35.2888,10,4.5,mb,22,149,18.385,0.6,us,us6000iqt7,2022-12-03T22:03:07.040Z,"",earthquake,8.08,1.933,0.157,12,reviewed,us,us
2022-09-28T23:42:39.174Z,53.705,-35.4145,10,4.5,mb,79,85,9.207,0.44,us,us6000ip41,2022-12-03T22:02:37.040Z,"Reykjanes Ridge",earthquake,7.39,1.645,0.07,60,reviewed,us,us
2022-09-28T23:06:42.464Z,53.7539,-35.1481,10,4.5,mb,54,116,18.448,0.73,us,us6000iqt5,2022-12-03T22:03:06.040Z,"Reykjanes Ridge",earthquake,12.84,1.899,0.085,40,reviewed,us,us
2022-09-28T22:59:50.885Z,53.6329,-35.1905,10,4.5,mb,45,101,18.458,0.48,us,us6000iqta,2022-12-03T22:03:07.040Z,"Reykjanes Ridge",earthquake,12.89,1.894,0.093,34,reviewed,us,us
2022-09-28T22:30:30.933Z,53.8699,-35.2256,10,4.5,mb,27,154,9.127,0.73,us,us6000iqt4,2022-12-03T22:03:06.040Z,"Reykjanes Ridge",earthquake,8.72,1.861,0.135,16,reviewed,us,us
2022-09-28T21:59:10.727Z,53.4545,-35.1677,10,4.5,mb,39,96,17.145,0.55,us,us6000iqt2,2022-12-03T22:03:06.040Z,"Reykjanes Ridge",earthquake,9.19,1.821,0.104,27,reviewed,us,us
2022-09-28T21:41:17.547Z,53.4174,-35.2797,10,4.4,mb,19,164,15.533,0.44,us,us6000iqt1,2022-12-03T22:03:06.040Z,"Reykjanes Ridge",earthquake,14.68,1.943,0.144,14,reviewed,us,us
2022-09-28T21:37:24.840Z,53.6532,-35.2856,10,4.5,mb,40,143,9.291,0.62,us,us6000iqsz,2022-12-03T22:03:06.040Z,"Reykjanes Ridge",earthquake,7.05,1.916,0.102,28,reviewed,us,us
2022-09-28T21:21:01.376Z,53.6174,-35.3111,10,4.6,mb,40,136,9.314,0.59,us,us6000iqt8,2022-12-03T22:03:07.040Z,"",earthquake,11.61,1.924,0.114,23,reviewed,us,us
2022-09-28T21:15:39.831Z,53.6286,-35.1044,10,4.6,mb,43,72,18.508,0.57,us,us6000iqsx,2022-12-03T22:03:06.040Z,"Reykjanes Ridge",earthquake,11.39,1.875,0.098,31,reviewed,us,us
2022-09-28T21:11:18.341Z,53.6553,-35.1976,10,4.7,mb,84,86,10.287,0.71,us,us6000ip2r,2022-12-03T22:02:36.040Z,"Reykjanes Ridge",earthquake,9.5,1.44,0.069,63,reviewed,us,us
2022-09-28T20:03:32.699Z,53.5492,-35.3724,10,4.4,mb,18,79,15.389,0.86,us,us6000iqtj,2022-12-03T22:03:07.040Z,"",earthquake,15.91,1.919,0.162,11,reviewed,us,us
2022-09-28T19:59:07.777Z,53.3183,-35.4672,10,4.4,mb,21,110,18.391,0.71,us,us6000iqsu,2022-12-03T22:03:06.040Z,"Reykjanes Ridge",earthquake,13.92,1.912,0.154,12,reviewed,us,us
2022-09-28T19:50:03.243Z,53.3955,-35.7189,10,4.3,mb,16,81,18.224,0.66,us,us6000iqst,2022-12-03T22:03:06.040Z,"Reykjanes Ridge",earthquake,12.92,1.927,0.267,4,reviewed,us,us
2022-09-28T19:03:43.896Z,54.0971,-35.0739,10,4.3,mb,18,160,8.986,0.54,us,us6000iqsp,2022-12-03T22:03:06.040Z,"Reykjanes Ridge",earthquake,12.54,1.643,0.216,6,reviewed,us,us
2022-09-28T18:33:31.484Z,53.7342,-35.1444,10,4.6,mb,38,161,18.455,0.99,us,us6000iqsm,2022-12-03T22:03:05.040Z,"Reykjanes Ridge",earthquake,13.82,1.924,0.122,20,reviewed,us,us
2022-09-28T18:27:52.509Z,53.8178,-35.3298,10,4.5,mb,34,79,9.137,0.86,us,us6000iqt0,2022-12-03T22:03:06.040Z,"Reykjanes Ridge",earthquake,7.87,1.861,0.099,30,reviewed,us,us
2022-09-28T18:18:20.743Z,53.991,-34.9021,10,4.5,mb,25,148,9.13,0.68,us,us6000iqsi,2022-12-03T22:03:05.040Z,"",earthquake,7.91,1.826,0.192,8,reviewed,us,us
2022-09-28T17:56:23.024Z,53.8308,-35.0818,10,4.7,mb,46,95,15.199,1.17,us,us6000iqsg,2022-12-03T22:03:05.040Z,"",earthquake,6.97,1.741,0.093,35,reviewed,us,us
2022-09-28T17:44:36.286Z,53.772,-35.3169,10,4.4,mb,25,138,9.18,1.09,us,us6000iqse,2022-12-03T22:03:05.040Z,"",earthquake,12.28,1.917,0.134,16,reviewed,us,us
2022-09-28T15:37:42.159Z,53.8996,-35.3218,10,4.6,mb,71,157,9.071,0.46,us,us6000iqs4,2022-12-03T22:03:04.040Z,"Reykjanes Ridge",earthquake,8.73,1.902,0.071,59,reviewed,us,us
2022-09-28T15:15:09.558Z,53.8143,-35.2252,10,4.6,mb,92,105,13.021,0.68,us,us6000iqs3,2022-12-03T22:03:04.040Z,"Reykjanes Ridge",earthquake,10.38,1.77,0.061,80,reviewed,us,us
2022-09-28T14:24:26.936Z,53.5662,-35.1729,10,4.6,mb,56,83,9.401,0.45,us,us6000iqs2,2022-12-03T22:03:04.040Z,"Reykjanes Ridge",earthquake,10.92,1.892,0.087,39,reviewed,us,us
2022-09-28T14:23:53.660Z,53.6908,-35.4875,10,4.3,mb,29,101,9.196,0.38,us,us6000iqs1,2022-12-03T22:03:04.040Z,"Reykjanes Ridge",earthquake,12.1,1.932,0.122,19,reviewed,us,us
2022-09-28T14:13:45.215Z,53.49,-35.3724,10,4.9,mb,125,79,9.403,0.36,us,us6000inz5,2022-12-03T22:02:35.040Z,"",earthquake,9.72,1.853,0.041,183,reviewed,us,us
2022-09-28T14:09:53.791Z,53.5912,-35.238,10,4.6,mb,54,82,9.359,0.56,us,us6000iqs0,2022-12-03T22:03:04.040Z,"Reykjanes Ridge",earthquake,10.53,1.908,0.087,39,reviewed,us,us
2022-09-28T14:09:26.652Z,53.7069,-35.1956,10,4.4,mb,26,129,9.274,0.63,us,us6000iqs9,2022-12-03T22:03:04.040Z,"",earthquake,8.09,1.829,0.134,16,reviewed,us,us
2022-09-28T13:20:47.730Z,53.8108,-35.3019,10,4.6,mb,101,71,9.152,0.56,us,us6000inz1,2022-12-03T22:02:35.040Z,"",earthquake,8.68,1.843,0.054,101,reviewed,us,us
2022-09-28T12:49:15.178Z,53.7051,-35.3267,10,4.6,mb,31,119,9.234,0.5,us,us6000inyz,2022-12-03T22:02:35.040Z,"Reykjanes Ridge",earthquake,12.29,1.945,0.111,24,reviewed,us,us
2022-09-28T12:32:34.152Z,53.4799,-35.1971,10,4.2,mb,14,185,9.467,0.32,us,us6000iqrx,2022-12-03T22:03:03.040Z,"Reykjanes Ridge",earthquake,8.4,1.979,0.146,13,reviewed,us,us
2022-09-28T12:30:44.120Z,53.7468,-35.5151,10,4.6,mb,38,106,9.14,0.46,us,us6000inyt,2022-12-03T22:02:35.040Z,"",earthquake,12.92,1.962,0.094,34,reviewed,us,us
2022-09-28T12:13:09.577Z,53.7158,-35.2246,10,4.5,mb,23,102,9.257,0.47,us,us6000iqsb,2022-12-03T22:03:05.040Z,"Reykjanes Ridge",earthquake,8.84,1.886,0.127,18,reviewed,us,us
2022-09-28T11:39:37.644Z,53.8041,-35.4682,10,4.5,mb,38,101,17.257,0.6,us,us6000iqrs,2022-12-03T22:03:03.040Z,"Reykjanes Ridge",earthquake,14.38,1.936,0.092,35,reviewed,us,us
2022-09-28T11:18:44.713Z,45.9662,-27.4921,10,4.3,mb,17,118,15.33,0.25,us,us6000iqrr,2022-12-03T22:03:03.040Z,"northern Mid-Atlantic Ridge",earthquake,9.16,1.922,0.142,14,reviewed,us,us
2022-09-28T10:59:47.720Z,53.5528,-35.3336,10,4.6,mb,58,121,10.32,0.48,us,us6000ip0b,2022-12-03T22:02:35.040Z,"Reykjanes Ridge",earthquake,11.82,1.915,0.078,49,reviewed,us,us
2022-09-28T10:03:05.654Z,53.7753,-35.1666,10,5,mww,108,74,9.225,0.49,us,us6000iny7,2022-12-03T22:02:34.040Z,"",earthquake,9.75,1.894,0.047,44,reviewed,us,us
2022-09-28T09:51:32.300Z,53.6494,-35.1467,10,4.4,mb,25,169,10.31,0.58,us,us6000iqrz,2022-12-03T22:03:04.040Z,"Reykjanes Ridge",earthquake,10.19,1.947,0.121,20,reviewed,us,us
2022-09-28T09:50:58.140Z,53.8553,-35.2517,10,4.7,mb,44,127,9.131,0.78,us,us6000iny6,2022-12-03T22:02:34.040Z,"Reykjanes Ridge",earthquake,9.41,1.851,0.088,39,reviewed,us,us
2022-09-28T09:06:07.784Z,53.8765,-35.5465,10,4.6,mb,32,177,9.019,0.46,us,us6000inxz,2022-12-03T22:02:34.040Z,"Reykjanes Ridge",earthquake,13.18,1.965,0.081,45,reviewed,us,us
2022-09-28T08:28:39.491Z,53.8819,-35.1687,10,4.6,mb,31,116,9.135,0.46,us,us6000iqre,2022-12-03T22:03:02.040Z,"Reykjanes Ridge",earthquake,11.04,1.914,0.122,20,reviewed,us,us
2022-09-28T08:14:25.377Z,53.923,-35.3529,10,4.6,mb,29,116,9.041,0.6,us,us6000iqth,2022-12-03T22:03:07.040Z,"Reykjanes Ridge",earthquake,7.68,1.832,0.128,18,reviewed,us,us
2022-09-28T08:14:06.415Z,54.0458,-35.2667,10,4.6,mb,30,116,8.966,0.72,us,us6000iqrd,2022-12-03T22:03:02.040Z,"Reykjanes Ridge",earthquake,12.56,1.931,0.105,27,reviewed,us,us
2022-09-28T07:59:36.544Z,53.7349,-35.3057,10,4.9,mb,67,65,9.215,0.73,us,us6000inxq,2022-12-03T22:02:34.040Z,"Reykjanes Ridge",earthquake,9.96,1.815,0.033,278,reviewed,us,us
2022-09-28T07:13:14.643Z,53.8874,-35.1234,10,4.6,mb,60,100,18.425,0.75,us,us6000iqrv,2022-12-03T22:03:03.040Z,"Reykjanes Ridge",earthquake,5.08,1.844,0.055,99,reviewed,us,us
2022-09-28T06:46:21.642Z,53.9651,-35.2317,10,5.1,mww,68,67,9.045,0.72,us,us6000inx5,2022-12-03T22:02:34.040Z,"Reykjanes Ridge",earthquake,10.59,1.854,0.047,44,reviewed,us,us
2022-09-28T06:11:56.915Z,53.1969,-35.6635,10,4.5,mb,26,68,12.498,0.7,us,us6000iqr4,2022-12-03T22:03:01.040Z,"Reykjanes Ridge",earthquake,6.99,1.89,0.121,20,reviewed,us,us
2022-09-28T06:09:47.269Z,53.7723,-35.1891,10,4.6,mb,56,38,9.221,1.01,us,us6000inww,2022-12-03T22:02:33.040Z,"Reykjanes Ridge",earthquake,10.05,1.82,0.052,110,reviewed,us,us
2022-09-28T05:47:07.779Z,53.669,-35.2581,10,4.3,mb,25,158,17.906,0.77,us,us6000iqrp,2022-12-03T22:03:02.040Z,"Reykjanes Ridge",earthquake,14.51,1.932,0.161,11,reviewed,us,us
2022-09-28T05:01:51.465Z,53.8041,-35.2344,10,4.5,mb,34,101,18.385,0.77,us,us6000inxr,2022-12-03T22:02:34.040Z,"",earthquake,13.06,1.905,0.101,29,reviewed,us,us
2022-09-28T04:52:57.917Z,53.8433,-35.4476,10,4.5,mb,52,133,15.101,0.57,us,us6000iqrb,2022-12-03T22:03:02.040Z,"Reykjanes Ridge",earthquake,12.98,1.89,0.087,39,reviewed,us,us
2022-09-28T03:41:35.748Z,53.6978,-35.2541,10,4.6,mb,67,30,15.28,0.5,us,us6000inwe,2022-12-03T22:02:33.040Z,"Reykjanes Ridge",earthquake,9.92,1.801,0.042,167,reviewed,us,us
2022-09-28T03:28:41.984Z,53.6658,-35.3781,10,4.5,mb,30,158,18.699,0.41,us,us6000iqr5,2022-12-03T22:03:01.040Z,"Reykjanes Ridge",earthquake,11.45,1.867,0.124,19,reviewed,us,us
2022-09-28T02:55:19.526Z,53.8484,-35.4132,10,4.6,mb,83,105,9.085,0.53,us,us6000inxt,2022-12-03T22:02:34.040Z,"Reykjanes Ridge",earthquake,10.33,1.893,0.068,65,reviewed,us,us
2022-09-28T02:54:07.099Z,53.9308,-35.1857,10,4.5,mb,22,82,18.378,0.47,us,us6000iqrc,2022-12-03T22:03:02.040Z,"Reykjanes Ridge",earthquake,15.28,1.936,0.128,18,reviewed,us,us
2022-09-28T02:22:36.756Z,53.9457,-35.3156,10,4.5,mb,70,86,9.034,0.71,us,us6000inw1,2022-12-03T22:02:32.040Z,"",earthquake,7.78,1.665,0.077,50,reviewed,us,us
2022-09-28T02:07:24.034Z,53.718,-35.478,10,4.5,mb,46,143,18.27,0.78,us,us6000iqqz,2022-12-03T22:03:01.040Z,"Reykjanes Ridge",earthquake,10.55,1.912,0.092,35,reviewed,us,us
2022-09-28T01:45:42.783Z,53.8309,-35.3643,10,4.7,mb,55,86,14.495,0.69,us,us6000iqra,2022-12-03T22:03:02.040Z,"Reykjanes Ridge",earthquake,10.99,1.879,0.085,42,reviewed,us,us
2022-09-28T01:43:25.810Z,53.8794,-35.1836,10,4.8,mb,110,115,10.115,0.43,us,us6000inve,2022-12-03T22:02:32.040Z,"Reykjanes Ridge",earthquake,5.23,1.883,0.059,88,reviewed,us,us
2022-09-28T01:42:23.499Z,53.6657,-35.2197,10,4.3,mb,40,149,9.301,0.5,us,us6000iqr9,2022-12-03T22:03:02.040Z,"Reykjanes Ridge",earthquake,8.08,1.881,0.105,26,reviewed,us,us
2022-09-28T01:26:49.753Z,53.7353,-35.2705,10,4.5,mb,46,101,9.226,0.59,us,us6000iqqx,2022-12-03T22:03:01.040Z,"Reykjanes Ridge",earthquake,9.79,1.475,0.1,29,reviewed,us,us
2022-09-28T01:08:19.266Z,53.7813,-35.4985,10,4.6,mb,55,91,9.115,0.64,us,us6000iqtg,2022-12-03T22:03:07.040Z,"Reykjanes Ridge",earthquake,11.3,1.886,0.089,38,reviewed,us,us
2022-09-28T01:07:36.100Z,53.969,-35.2623,10,4.5,mb,26,172,18.324,0.86,us,us6000iqqv,2022-12-03T22:03:01.040Z,"Reykjanes Ridge",earthquake,12.75,1.96,0.113,23,reviewed,us,us
2022-09-28T00:59:41.297Z,53.9296,-35.0671,10,4.6,mb,53,88,9.128,0.41,us,us6000iqqw,2022-12-03T22:03:01.040Z,"",earthquake,7.18,1.851,0.077,50,reviewed,us,us
2022-09-28T00:55:08.953Z,53.7374,-35.198,10,4.9,mb,110,46,9.247,0.56,us,us6000inuv,2022-12-03T22:02:32.040Z,"Reykjanes Ridge",earthquake,9.81,1.825,0.041,190,reviewed,us,us
2022-09-28T00:31:42.958Z,53.8551,-35.3926,10,4.6,mb,38,157,9.086,0.46,us,us6000iqqt,2022-12-03T22:03:01.040Z,"Reykjanes Ridge",earthquake,12.96,1.923,0.082,44,reviewed,us,us
2022-09-28T00:22:51.057Z,53.7043,-35.5688,10,4.6,mb,44,178,9.159,0.39,us,us6000inus,2022-12-03T22:02:32.040Z,"Reykjanes Ridge",earthquake,12.62,1.957,0.063,75,reviewed,us,us
2022-09-28T00:16:09.437Z,53.8161,-35.3071,10,4.4,mb,57,105,9.146,0.53,us,us6000iqqu,2022-12-03T22:03:01.040Z,"Reykjanes Ridge",earthquake,11.23,1.898,0.077,49,reviewed,us,us
2022-09-27T23:41:29.027Z,53.6994,-35.3527,10,4.4,mb,20,193,9.231,0.54,us,us6000iqhe,2022-12-03T22:03:00.040Z,"",earthquake,12.55,1.959,0.149,13,reviewed,us,us
2022-09-27T23:26:03.460Z,53.8436,-35.2758,10,4.4,mb,35,151,18.35,0.55,us,us6000iqhd,2022-12-03T22:03:00.040Z,"Reykjanes Ridge",earthquake,14.2,1.941,0.1,29,reviewed,us,us
2022-09-27T23:15:29.896Z,53.8019,-35.2589,10,4.6,mb,23,216,9.174,0.73,us,us6000iqhc,2022-12-03T22:02:59.040Z,"Reykjanes Ridge",earthquake,14.39,1.963,0.132,17,reviewed,us,us
2022-09-27T23:13:32.390Z,53.7412,-35.2738,10,4.7,mb,78,108,9.22,0.5,us,us6000inu0,2022-12-03T22:02:32.040Z,"Reykjanes Ridge",earthquake,7.62,1.732,0.058,88,reviewed,us,us
2022-09-27T22:33:02.663Z,53.7102,-35.4689,10,4.5,mb,26,114,18.277,0.37,us,us6000iqhb,2022-12-03T22:02:59.040Z,"Reykjanes Ridge",earthquake,15.17,1.951,0.106,26,reviewed,us,us
2022-09-27T22:28:51.963Z,53.7408,-35.1904,10,4.6,mb,73,92,9.247,0.48,us,us6000intl,2022-12-03T22:02:31.040Z,"Reykjanes Ridge",earthquake,10.5,1.893,0.052,109,reviewed,us,us
2022-09-27T22:06:55.159Z,53.7498,-35.2208,10,4.6,mb,58,101,18.407,0.63,us,us6000iqh9,2022-12-03T22:02:59.040Z,"Reykjanes Ridge",earthquake,9.59,1.813,0.065,70,reviewed,us,us
2022-09-27T21:58:35.209Z,53.8607,-35.197,10,4.5,mb,51,90,9.144,0.68,us,us6000iqh7,2022-12-03T22:02:58.040Z,"Reykjanes Ridge",earthquake,4.47,1.871,0.08,46,reviewed,us,us
2022-09-27T21:32:25.287Z,53.7584,-35.3536,10,4.5,mb,43,179,14.489,0.75,us,us6000iqh6,2022-12-03T22:02:58.040Z,"Reykjanes Ridge",earthquake,14.36,1.954,0.09,36,reviewed,us,us
2022-09-27T21:18:19.118Z,53.7376,-35.23,10,4.9,mb,90,74,9.237,0.6,us,us6000int8,2022-12-03T22:02:31.040Z,"Reykjanes Ridge",earthquake,6.28,1.831,0.034,268,reviewed,us,us
2022-09-27T21:10:24.579Z,53.7663,-35.3416,10,4.6,mb,44,148,15.196,0.58,us,us6000iqhn,2022-12-03T22:03:00.040Z,"Reykjanes Ridge",earthquake,13.41,1.9,0.086,40,reviewed,us,us
2022-09-27T21:09:53.644Z,53.7061,-35.2178,10,4.8,mb,77,82,15.281,0.44,us,us6000int6,2022-12-03T22:02:31.040Z,"Reykjanes Ridge",earthquake,6.69,1.765,0.047,142,reviewed,us,us
2022-09-27T20:28:42.642Z,53.3882,-35.2848,10,4.5,mb,19,89,18.734,0.94,us,us6000iqh2,2022-12-03T22:02:58.040Z,"Reykjanes Ridge",earthquake,8.59,1.902,0.204,10,reviewed,us,us
2022-09-27T20:20:43.365Z,53.6186,-35.3526,10,4.4,mb,71,148,9.3,0.63,us,us6000iqh1,2022-12-03T22:02:58.040Z,"Reykjanes Ridge",earthquake,11.51,1.925,0.074,54,reviewed,us,us
2022-09-27T19:53:44.774Z,53.6952,-35.2252,10,4.8,mb,170,44,15.289,0.49,us,us6000insf,2022-12-03T22:02:31.040Z,"Reykjanes Ridge",earthquake,10.12,1.789,0.045,157,reviewed,us,us
2022-09-27T19:39:28.376Z,54.1231,-35.0328,10,4.6,mb,121,70,8.978,0.63,us,us6000insj,2022-12-03T22:02:31.040Z,"Reykjanes Ridge",earthquake,9.3,1.844,0.052,115,reviewed,us,us
2022-09-27T19:12:10.263Z,53.9473,-35.3706,10,4.4,mb,29,152,9.015,0.71,us,us6000iqhf,2022-12-03T22:03:00.040Z,"",earthquake,12.55,1.948,0.117,21,reviewed,us,us
2022-09-27T19:04:48.969Z,53.7677,-35.1631,10,4.7,mb,171,36,9.233,0.56,us,us6000inrw,2022-12-03T22:02:31.040Z,"Reykjanes Ridge",earthquake,9.64,1.8,0.046,150,reviewed,us,us
2022-09-27T18:33:26.761Z,53.7611,-35.2904,10,4.4,mb,65,147,18.365,0.81,us,us6000iqgw,2022-12-03T22:02:58.040Z,"Reykjanes Ridge",earthquake,13.65,1.926,0.079,47,reviewed,us,us
2022-09-27T18:02:36.288Z,53.9495,-35.1512,10,4.5,mb,37,151,9.084,0.96,us,us6000iqgs,2022-12-03T22:02:58.040Z,"Reykjanes Ridge",earthquake,9.04,1.756,0.118,21,reviewed,us,us
2022-09-27T16:47:54.842Z,53.8291,-35.2374,10,4.6,mb,88,86,18.376,0.61,us,us6000iqh8,2022-12-03T22:02:59.040Z,"Reykjanes Ridge",earthquake,11.41,1.85,0.064,75,reviewed,us,us
2022-09-27T16:07:50.913Z,53.6064,-34.9983,10,4.3,mb,21,126,9.422,0.37,us,us6000iqgy,2022-12-03T22:02:58.040Z,"",earthquake,10.54,1.874,0.161,14,reviewed,us,us
2022-09-27T15:55:52.350Z,53.9079,-35.3171,10,4.6,mb,93,134,9.065,0.42,us,us6000inq3,2022-12-03T22:02:30.040Z,"Reykjanes Ridge",earthquake,11.02,1.902,0.052,110,reviewed,us,us
2022-09-27T15:31:37.876Z,54.3031,-35.3553,10,4.4,mb,16,140,8.722,0.93,us,us6000iqgv,2022-12-03T22:02:58.040Z,"Reykjanes Ridge",earthquake,12.71,1.944,0.189,9,reviewed,us,us
2022-09-27T15:27:23.055Z,53.2017,-35.4439,10,4.3,mb,26,165,10.565,0.88,us,us6000iqgn,2022-12-03T22:02:57.040Z,"Reykjanes Ridge",earthquake,13.43,1.93,0.113,22,reviewed,us,us
2022-09-27T15:22:44.634Z,53.981,-35.058,10,4.5,mb,62,86,10.082,0.78,us,us6000iqgm,2022-12-03T22:02:57.040Z,"Reykjanes Ridge",earthquake,8.12,1.827,0.071,61,reviewed,us,us
2022-09-27T15:20:39.026Z,53.8334,-35.086,10,4.3,mb,12,146,9.202,0.73,us,us6000iqhr,2022-12-03T22:03:00.040Z,"Reykjanes Ridge",earthquake,9.32,1.96,0.238,5,reviewed,us,us
2022-09-27T14:41:17.178Z,53.9804,-35.1942,10,4.4,mb,64,105,9.044,0.64,us,us6000iqgj,2022-12-03T22:02:57.040Z,"Reykjanes Ridge",earthquake,7.53,1.81,0.082,46,reviewed,us,us
2022-09-27T14:35:03.152Z,53.8829,-35.0367,10,4.5,mb,27,120,14.694,0.73,us,us6000iqgi,2022-12-03T22:02:57.040Z,"Reykjanes Ridge",earthquake,11.58,1.911,0.127,20,reviewed,us,us
2022-09-27T14:09:39.155Z,53.5387,-35.3058,10,4.4,mb,31,100,9.383,0.68,us,us6000iqgh,2022-12-03T22:02:57.040Z,"Reykjanes Ridge",earthquake,9.52,1.373,0.12,22,reviewed,us,us
2022-09-27T13:46:49.859Z,53.9028,-35.206,10,4.8,mb,108,32,9.105,0.55,us,us6000inmq,2022-12-03T22:02:29.040Z,"Reykjanes Ridge",earthquake,9.78,1.812,0.045,158,reviewed,us,us
2022-09-27T13:21:36.354Z,53.715,-35.3562,10,4.8,mb,108,91,9.216,0.5,us,us6000inmi,2022-12-03T22:02:28.040Z,"Reykjanes Ridge",earthquake,7.81,1.793,0.042,184,reviewed,us,us
2022-09-27T13:21:13.976Z,53.6611,-35.1983,10,4.7,mb,48,81,9.312,0.56,us,us6000iqgf,2022-12-03T22:02:57.040Z,"Reykjanes Ridge",earthquake,12.19,1.909,0.096,36,reviewed,us,us
2022-09-27T13:07:35.183Z,53.7956,-35.1976,10,4.7,mb,101,35,9.198,0.57,us,us6000inmh,2022-12-03T22:02:28.040Z,"Reykjanes Ridge",earthquake,5.15,1.804,0.048,139,reviewed,us,us
2022-09-27T12:46:05.585Z,53.913,-35.3266,10,4.6,mb,46,137,9.058,0.61,us,us6000iqge,2022-12-03T22:02:57.040Z,"Reykjanes Ridge",earthquake,11.44,1.939,0.085,41,reviewed,us,us
2022-09-27T12:27:44.851Z,54.1628,-35.1157,10,4.3,mb,17,148,8.917,0.47,us,us6000iqgd,2022-12-03T22:02:57.040Z,"Reykjanes Ridge",earthquake,12.74,1.956,0.177,9,reviewed,us,us
2022-09-27T11:59:48.782Z,53.9388,-35.0735,10,4.9,mb,125,84,9.118,0.44,us,us6000inm2,2022-12-03T22:02:28.040Z,"Reykjanes Ridge",earthquake,8.31,1.282,0.043,167,reviewed,us,us
2022-09-27T11:57:35.918Z,53.8787,-35.0966,10,4.5,mb,61,147,9.161,0.46,us,us6000iqgq,2022-12-03T22:02:57.040Z,"",earthquake,10.83,1.858,0.075,52,reviewed,us,us
2022-09-27T11:13:32.554Z,53.5781,-35.4699,10,4.3,mb,26,92,9.298,0.28,us,us6000iqgb,2022-12-03T22:02:57.040Z,"Reykjanes Ridge",earthquake,12.99,1.941,0.133,16,reviewed,us,us
2022-09-27T10:59:17.371Z,53.9575,-34.8761,10,4.7,mb,98,70,9.167,0.48,us,us6000inls,2022-12-03T22:02:28.040Z,"Reykjanes Ridge",earthquake,7.19,1.704,0.049,125,reviewed,us,us
2022-09-27T10:55:42.499Z,53.7388,-35.159,10,4.6,mb,48,148,9.259,0.7,us,us6000iqga,2022-12-03T22:02:56.040Z,"Reykjanes Ridge",earthquake,11.77,1.937,0.092,35,reviewed,us,us
2022-09-27T10:34:56.741Z,53.9865,-35.1668,10,4.6,mb,84,86,9.048,0.41,us,us6000inlf,2022-12-03T22:02:27.040Z,"Reykjanes Ridge",earthquake,9.98,1.857,0.053,105,reviewed,us,us
2022-09-27T10:25:54.380Z,53.8077,-35.3278,10,4.5,mb,42,157,9.147,0.72,us,us6000iqg9,2022-12-03T22:02:56.040Z,"Reykjanes Ridge",earthquake,11.06,1.919,0.104,27,reviewed,us,us
2022-09-27T09:54:15.981Z,54.0638,-35.1403,10,4.5,mb,40,124,8.992,0.55,us,us6000iqg8,2022-12-03T22:02:56.040Z,"Reykjanes Ridge",earthquake,11.11,1.931,0.099,30,reviewed,us,us
2022-09-27T08:47:39.400Z,54.0331,-34.5768,10,4.8,mb,46,85,9.204,1.02,us,us6000inkr,2022-12-03T22:02:27.040Z,"Reykjanes Ridge",earthquake,7.05,1.886,0.057,96,reviewed,us,us
2022-09-27T08:23:36.556Z,54.0083,-35.2511,10,4.5,mb,27,116,18.32,0.82,us,us6000iqhl,2022-12-03T22:03:00.040Z,"Reykjanes Ridge",earthquake,13.5,1.498,0.077,50,reviewed,us,us
2022-09-27T08:13:56.753Z,53.9736,-35.2925,10,4.5,mb,54,44,18.305,0.84,us,us6000inke,2022-12-03T22:02:27.040Z,"Reykjanes Ridge",earthquake,10.96,1.827,0.066,68,reviewed,us,us
2022-09-27T07:25:44.726Z,54.0532,-35.2239,10,4.6,mb,35,86,8.973,0.76,us,us6000ink4,2022-12-03T22:02:27.040Z,"Reykjanes Ridge",earthquake,7.58,1.724,0.114,23,reviewed,us,us
2022-09-27T07:19:41.977Z,53.8994,-35.2815,10,4.7,mb,59,71,18.332,0.66,us,us6000injz,2022-12-03T22:02:27.040Z,"Reykjanes Ridge",earthquake,11.11,1.856,0.035,242,reviewed,us,us
2022-09-27T06:45:07.625Z,53.8855,-35.3043,10,4.5,mb,66,70,9.088,0.46,us,us6000injw,2022-12-03T22:02:27.040Z,"Reykjanes Ridge",earthquake,10.17,1.887,0.055,98,reviewed,us,us
2022-09-27T06:10:40.005Z,54.0717,-35.1537,10,4.6,mb,69,90,8.981,0.65,us,us6000injm,2022-12-03T22:02:26.040Z,"Reykjanes Ridge",earthquake,3.47,1.892,0.042,170,reviewed,us,us
2022-09-27T06:01:16.181Z,53.8339,-35.007,10,4.6,mb,54,98,9.227,0.51,us,us6000injp,2022-12-03T22:02:26.040Z,"Reykjanes Ridge",earthquake,11.07,1.914,0.06,81,reviewed,us,us
2022-09-27T05:52:21.770Z,54.1149,-35.3928,10,4.5,mb,18,179,8.867,0.46,us,us6000iqfz,2022-12-03T22:02:56.040Z,"Reykjanes Ridge",earthquake,10.69,1.769,0.15,13,reviewed,us,us
2022-09-27T05:26:48.718Z,53.9689,-35.4362,10,4.6,mb,64,105,8.976,0.3,us,us6000injc,2022-12-03T22:02:26.040Z,"",earthquake,11,1.911,0.041,180,reviewed,us,us
2022-09-27T04:42:07.879Z,53.8969,-35.1357,10,4.7,mb,61,71,15.125,0.67,us,us6000inis,2022-12-03T22:02:26.040Z,"Reykjanes Ridge",earthquake,10.54,1.861,0.04,190,reviewed,us,us
2022-09-27T04:35:41.556Z,53.848,-35.704,10,4.3,mb,18,143,18.105,0.85,us,us6000iqhk,2022-12-03T22:03:00.040Z,"Reykjanes Ridge",earthquake,14.83,1.917,0.267,7,reviewed,us,us
2022-09-27T04:34:28.976Z,53.825,-35.1805,10,4.6,mb,112,71,15.18,0.27,us,us6000inj4,2022-12-03T22:02:26.040Z,"Reykjanes Ridge",earthquake,11.22,1.855,0.056,95,reviewed,us,us
2022-09-27T03:58:01.921Z,53.9255,-35.3936,10,4.7,mb,39,101,15.038,0.65,us,us6000iqg5,2022-12-03T22:02:56.040Z,"Reykjanes Ridge",earthquake,9.82,1.826,0.09,37,reviewed,us,us
2022-09-27T03:57:13.081Z,53.8245,-35.1089,10,4.4,mb,28,117,9.202,0.47,us,us6000iqfu,2022-12-03T22:02:55.040Z,"Reykjanes Ridge",earthquake,7.55,1.93,0.202,13,reviewed,us,us
2022-09-27T03:54:39.939Z,53.796,-35.2608,10,4.5,mb,37,86,13.047,0.4,us,us6000iqg6,2022-12-03T22:02:56.040Z,"Reykjanes Ridge",earthquake,10.25,1.874,0.083,43,reviewed,us,us
2022-09-27T03:35:46.994Z,53.9511,-35.1491,10,4.5,mb,56,101,18.393,0.57,us,us6000iqft,2022-12-03T22:02:55.040Z,"Reykjanes Ridge",earthquake,8.39,1.854,0.088,38,reviewed,us,us
2022-09-27T03:05:39.151Z,54.126,-35.3253,10,4.5,mb,131,100,8.88,0.46,us,us6000ini8,2022-12-03T22:02:25.040Z,"",earthquake,10.85,1.429,0.051,114,reviewed,us,us
2022-09-27T03:00:07.491Z,53.911,-35.2173,10,4.4,mb,57,41,18.365,0.5,us,us6000iqfr,2022-12-03T22:02:55.040Z,"Reykjanes Ridge",earthquake,12.12,1.836,0.084,41,reviewed,us,us
2022-09-27T02:48:43.263Z,54.0351,-35.3834,10,4.3,mb,19,149,8.937,0.64,us,us6000iqfp,2022-12-03T22:02:55.040Z,"Reykjanes Ridge",earthquake,12.45,1.894,0.238,10,reviewed,us,us
2022-09-27T02:32:31.140Z,54.2418,-35.1345,10,4.3,mb,21,86,12.617,0.44,us,us6000iqfq,2022-12-03T22:02:55.040Z,"Reykjanes Ridge",earthquake,4.77,1.879,0.168,10,reviewed,us,us
2022-09-27T01:58:59.809Z,54.0796,-35.1655,10,4.5,mb,31,68,18.349,0.39,us,us6000iqg1,2022-12-03T22:02:56.040Z,"Reykjanes Ridge",earthquake,13.1,1.855,0.101,29,reviewed,us,us
2022-09-27T01:13:44.850Z,53.9629,-35.2307,10,4.5,mb,31,116,15.042,0.61,us,us6000iqg0,2022-12-03T22:02:56.040Z,"Reykjanes Ridge",earthquake,12.65,1.771,0.07,60,reviewed,us,us
2022-09-27T00:39:25.051Z,54.075,-35.1227,10,4.4,mb,22,115,8.988,0.79,us,us6000iqhj,2022-12-03T22:03:00.040Z,"Reykjanes Ridge",earthquake,6.4,1.931,0.156,12,reviewed,us,us
2022-09-27T00:39:03.132Z,54.0107,-35.0883,10,4.6,mb,140,61,9.053,0.47,us,us6000iqfy,2022-12-03T22:02:56.040Z,"Reykjanes Ridge",earthquake,9.38,1.885,0.05,120,reviewed,us,us
2022-09-27T00:36:31.267Z,54.267,-35.2192,10,4.6,mb,56,62,8.797,0.48,us,us6000iqfs,2022-12-03T22:02:55.040Z,"Reykjanes Ridge",earthquake,5.49,1.888,0.081,46,reviewed,us,us
2022-09-27T00:21:44.530Z,54.0362,-35.1339,10,4.5,mb,26,136,9.017,0.53,us,us6000iqfn,2022-12-03T22:02:55.040Z,"",earthquake,12.65,1.165,0.163,11,reviewed,us,us
2022-09-26T23:51:26.231Z,53.9861,-35.2428,10,4.5,mb,20,117,25.486,0.65,us,us6000ipqs,2022-12-03T22:02:53.040Z,"Reykjanes Ridge",earthquake,10.05,1.887,0.163,11,reviewed,us,us
2022-09-26T23:05:45.564Z,53.9264,-35.0799,10,4.7,mb,59,57,18.451,0.39,us,us6000inh6,2022-12-03T22:02:25.040Z,"Reykjanes Ridge",earthquake,12.72,1.21,0.068,66,reviewed,us,us
2022-09-26T22:44:01.552Z,53.9027,-35.1801,10,4.7,mb,138,105,9.114,0.51,us,us6000ingy,2022-12-03T22:02:24.040Z,"Reykjanes Ridge",earthquake,10.97,1.892,0.048,132,reviewed,us,us
2022-09-26T22:21:19.140Z,53.922,-35.3658,10,4.5,mb,26,79,9.038,0.72,us,us6000ipqm,2022-12-03T22:02:52.040Z,"Reykjanes Ridge",earthquake,7.13,1.898,0.113,23,reviewed,us,us
2022-09-26T20:32:22.022Z,53.9877,-35.2777,10,4.2,mb,34,151,18.31,1.21,us,us6000ipqd,2022-12-03T22:02:52.040Z,"Reykjanes Ridge",earthquake,10.94,1.886,0.113,25,reviewed,us,us
2022-09-26T20:30:16.487Z,53.863,-35.2512,10,5.4,mww,99,28,9.124,0.92,us,us6000ing5,2022-12-03T22:02:24.040Z,"Reykjanes Ridge",earthquake,9.12,1.787,0.042,55,reviewed,us,us
2022-09-26T19:58:32.325Z,54.0247,-35.1786,10,4.6,mb,38,57,18.357,0.89,us,us6000ipqu,2022-12-03T22:02:53.040Z,"Reykjanes Ridge",earthquake,7.42,1.881,0.098,31,reviewed,us,us
2022-09-26T19:39:47.865Z,53.9311,-35.2416,10,4.9,mb,79,45,9.07,0.75,us,us6000infy,2022-12-03T22:02:24.040Z,"",earthquake,10.28,1.851,0.055,103,reviewed,us,us
2022-09-26T19:34:19.703Z,53.798,-35.2012,10,4.6,mb,58,89,18.405,0.51,us,us6000ipqc,2022-12-03T22:02:52.040Z,"Reykjanes Ridge",earthquake,3.32,1.869,0.09,37,reviewed,us,us
2022-09-26T19:33:05.122Z,53.9668,-35.2485,10,4.6,mb,52,91,15.034,0.88,us,us6000ipr4,2022-12-03T22:02:54.040Z,"Reykjanes Ridge",earthquake,12.26,1.476,0.089,38,reviewed,us,us
2022-09-26T19:32:18.006Z,53.8468,-35.1872,10,4.7,mb,69,33,15.159,0.96,us,us6000infx,2022-12-03T22:02:23.040Z,"Reykjanes Ridge",earthquake,10.01,1.822,0.067,68,reviewed,us,us
2022-09-26T19:27:27.820Z,53.9269,-35.2975,10,4.4,mb,34,90,15.059,0.66,us,us6000ipq9,2022-12-03T22:02:52.040Z,"Reykjanes Ridge",earthquake,12.43,1.875,0.12,20,reviewed,us,us
2022-09-26T19:25:03.225Z,54.1071,-35.178,10,4.6,mb,47,115,14.922,0.94,us,us6000ipqb,2022-12-03T22:02:52.040Z,"Reykjanes Ridge",earthquake,11.36,1.767,0.098,31,reviewed,us,us
2022-09-26T18:59:05.603Z,53.9088,-35.524,10,4.4,mb,20,90,18.191,0.97,us,us6000ipqt,2022-12-03T22:02:53.040Z,"Reykjanes Ridge",earthquake,14.14,1.906,0.17,10,reviewed,us,us
2022-09-26T18:36:18.861Z,53.9948,-35.1828,10,4.6,mb,68,71,15.024,0.71,us,us6000infi,2022-12-03T22:02:23.040Z,"Reykjanes Ridge",earthquake,10.8,1.825,0.053,106,reviewed,us,us
2022-09-26T18:21:57.286Z,53.9446,-35.2682,10,4.8,mb,48,44,18.327,0.64,us,us6000infh,2022-12-03T22:02:23.040Z,"Reykjanes Ridge",earthquake,9.18,1.836,0.088,40,reviewed,us,us
2022-09-26T18:14:39.853Z,53.9637,-35.5318,10,4.9,mb,66,32,12.973,0.74,us,us6000infd,2022-12-03T22:02:23.040Z,"Reykjanes Ridge",earthquake,9.8,1.821,0.042,174,reviewed,us,us
2022-09-26T18:06:25.091Z,54.021,-35.3811,10,4.5,mb,31,145,25.496,1.24,us,us6000ipqq,2022-12-03T22:02:53.040Z,"Reykjanes Ridge",earthquake,12.7,1.898,0.128,18,reviewed,us,us
2022-09-26T17:42:07.436Z,53.8658,-35.3995,10,4.2,mb,16,172,25.529,0.96,us,us6000ipq5,2022-12-03T22:02:51.040Z,"Reykjanes Ridge",earthquake,11.6,1.947,0.236,5,reviewed,us,us
2022-09-26T17:16:06.101Z,53.8907,-35.1788,10,4.9,mb,78,29,9.124,0.74,us,us6000inf3,2022-12-03T22:02:22.040Z,"Reykjanes Ridge",earthquake,9.8,1.787,0.035,258,reviewed,us,us
2022-09-26T16:42:31.521Z,54.0779,-35.3219,10,4.3,mb,24,132,9.909,0.63,us,us6000ipr3,2022-12-03T22:02:53.040Z,"Reykjanes Ridge",earthquake,12.63,1.919,0.188,11,reviewed,us,us
2022-09-26T16:29:14.686Z,54.0233,-35.3623,10,4.3,mb,28,135,8.954,0.7,us,us6000ipr5,2022-12-03T22:02:54.040Z,"",earthquake,11.89,1.901,0.16,14,reviewed,us,us
2022-09-26T16:28:23.797Z,54.2066,-35.4085,10,4.5,mb,45,85,8.785,0.67,us,us6000ipq3,2022-12-03T22:02:51.040Z,"Reykjanes Ridge",earthquake,7.79,1.734,0.106,29,reviewed,us,us
2022-09-26T16:08:48.742Z,53.8996,-35.1465,10,4.7,mb,24,83,9.127,0.64,us,us6000ipq7,2022-12-03T22:02:52.040Z,"",earthquake,11.49,1.798,0.153,16,reviewed,us,us
2022-09-26T15:57:58.220Z,53.9882,-35.3296,10,4.4,mb,56,68,8.994,0.49,us,us6000ipqg,2022-12-03T22:02:52.040Z,"Reykjanes Ridge",earthquake,9.87,1.686,0.087,40,reviewed,us,us
2022-09-26T15:45:12.641Z,53.9504,-35.2929,10,4.7,mb,90,69,9.037,0.48,us,us7000ib5h,2022-12-03T22:03:26.040Z,"Reykjanes Ridge",earthquake,6.57,1.79,0.055,102,reviewed,us,us
2022-09-26T15:35:37.224Z,53.9925,-35.1072,10,4.5,mb,74,66,10.055,0.51,us,us6000ipq1,2022-12-03T22:02:51.040Z,"Reykjanes Ridge",earthquake,10.81,1.855,0.074,55,reviewed,us,us
2022-09-26T15:18:47.982Z,53.9976,-35.1378,10,4.7,mb,90,55,9.048,0.65,us,us7000ib4c,2022-12-03T22:03:26.040Z,"Reykjanes Ridge",earthquake,9.52,1.823,0.059,92,reviewed,us,us
2022-09-26T15:18:30.861Z,54.0772,-35.2332,10,4.6,mb,46,58,8.95,0.92,us,us6000ipq6,2022-12-03T22:02:51.040Z,"Reykjanes Ridge",earthquake,10.38,1.876,0.129,21,reviewed,us,us
2022-09-26T14:59:51.768Z,54.0362,-35.0221,10,4.8,mb,80,66,9.053,0.71,us,us7000ib48,2022-12-03T22:03:26.040Z,"Reykjanes Ridge",earthquake,10.16,1.827,0.051,124,reviewed,us,us
2022-09-26T14:55:55.104Z,54.2213,-35.0536,10,4.4,mb,29,109,9.897,0.77,us,us6000ipr2,2022-12-03T22:02:53.040Z,"",earthquake,6.56,1.885,0.155,14,reviewed,us,us
2022-09-26T14:54:51.107Z,54.0673,-34.8919,10,4.6,mb,79,90,9.07,0.83,us,us7000ib4d,2022-12-03T22:03:26.040Z,"Reykjanes Ridge",earthquake,10.66,1.851,0.067,71,reviewed,us,us
2022-09-26T14:49:19.641Z,54.0224,-35.3054,10,4.6,mb,86,87,8.973,0.51,us,us7000ib4i,2022-12-03T22:03:26.040Z,"",earthquake,7.83,1.778,0.06,86,reviewed,us,us
2022-09-26T14:43:54.597Z,54.0947,-35.1946,10,4.4,mb,55,77,8.948,0.78,us,us6000ippy,2022-12-03T22:02:51.040Z,"Reykjanes Ridge",earthquake,4.23,1.83,0.088,40,reviewed,us,us
2022-09-26T14:30:10.667Z,54.1724,-35.3194,10,4.4,mb,30,106,8.843,0.83,us,us6000ippx,2022-12-03T22:02:51.040Z,"Reykjanes Ridge",earthquake,8.8,1.933,0.13,20,reviewed,us,us
2022-09-26T14:07:10.846Z,54.2255,-35.086,10,4.7,mb,85,29,8.875,0.7,us,us7000ib3z,2022-12-03T22:03:26.040Z,"Reykjanes Ridge",earthquake,10.2,1.809,0.057,98,reviewed,us,us
2022-09-26T14:01:24.125Z,54.0164,-35.371,10,4.7,mb,61,138,14.522,0.76,us,us7000ib41,2022-12-03T22:03:26.040Z,"Reykjanes Ridge",earthquake,4.88,1.911,0.074,58,reviewed,us,us
2022-09-26T13:59:41.560Z,54.114,-35.268,10,4.5,mb,51,68,8.908,0.81,us,us6000ippw,2022-12-03T22:02:51.040Z,"Reykjanes Ridge",earthquake,6.71,1.821,0.099,33,reviewed,us,us
2022-09-26T13:47:16.471Z,54.412,-35.2869,10,4.5,mb,47,135,8.654,0.7,us,us6000ippr,2022-12-03T22:02:50.040Z,"Reykjanes Ridge",earthquake,10.49,1.608,0.109,27,reviewed,us,us
2022-09-26T13:38:41.972Z,54.0976,-35.1316,10,4.5,mb,52,115,8.966,0.56,us,us6000ippt,2022-12-03T22:02:50.040Z,"Reykjanes Ridge",earthquake,10.63,1.87,0.089,39,reviewed,us,us
2022-09-26T13:27:49.999Z,53.9782,-35.7949,10,4.6,mb,20,130,22.602,0.63,us,us6000ippq,2022-12-03T22:02:50.040Z,"Reykjanes Ridge",earthquake,14.31,1.935,0.164,13,reviewed,us,us
2022-09-26T13:20:54.941Z,53.6408,-35.3917,10,4.5,mb,37,106,9.269,0.7,us,us6000ipps,2022-12-03T22:02:50.040Z,"Reykjanes Ridge",earthquake,11.54,1.909,0.101,31,reviewed,us,us
2022-09-26T10:28:29.723Z,54.3524,-34.8139,10,4.4,mb,27,152,8.862,0.94,us,us6000ippj,2022-12-03T22:02:49.040Z,"Reykjanes Ridge",earthquake,6.33,1.938,0.107,25,reviewed,us,us
2022-09-26T10:06:53.480Z,53.9766,-35.2189,10,4.8,mb,55,32,9.039,0.76,us,us7000ib2f,2022-12-03T22:03:25.040Z,"Reykjanes Ridge",earthquake,10.33,1.811,0.051,120,reviewed,us,us
2022-09-26T09:59:56.330Z,53.992,-35.2307,10,5.8,mww,110,26,9.022,0.69,us,us7000ib26,2022-12-03T22:03:25.040Z,"Reykjanes Ridge",earthquake,8.79,1.751,0.035,80,reviewed,us,us
2022-09-26T07:42:36.499Z,54.0511,-35.0868,10,4.4,mb,49,101,9.02,0.42,us,us6000ippe,2022-12-03T22:02:49.040Z,"Reykjanes Ridge",earthquake,11.55,1.913,0.086,39,reviewed,us,us
2022-09-26T07:40:59.844Z,54.0454,-35.0868,10,4.9,mb,147,47,9.025,0.4,us,us7000ib1y,2022-12-03T22:03:25.040Z,"Reykjanes Ridge",earthquake,9.59,1.825,0.044,164,reviewed,us,us
2022-09-26T06:58:24.133Z,54.0507,-35.202,10,4.5,mb,75,105,8.983,0.32,us,us7000ib1w,2022-12-03T22:03:25.040Z,"Reykjanes Ridge",earthquake,10.15,1.881,0.062,76,reviewed,us,us
2022-09-22T04:16:56.855Z,60.8428,-44.17,10,4.5,mb,22,142,0.687,0.85,us,us6000ip0n,2022-11-26T20:57:22.040Z,"97 km NE of Nanortalik, Greenland",earthquake,4.35,1.901,0.192,8,reviewed,us,us
2022-09-21T11:49:41.423Z,52.8245,-31.3136,10,4.5,mb,45,159,11.331,0.48,us,us7000i9wc,2022-11-26T20:57:49.040Z,"northern Mid-Atlantic Ridge",earthquake,12.29,1.948,0.094,33,reviewed,us,us
2022-09-21T08:25:34.000Z,52.5863,-31.7627,10,4.8,mb,69,49,13.321,0.79,us,us7000i9tg,2022-11-26T20:57:48.040Z,"northern Mid-Atlantic Ridge",earthquake,9.29,1.812,0.044,161,reviewed,us,us
2022-09-21T03:51:43.108Z,52.6725,-31.8772,10,4.3,mb,22,104,12.305,0.89,us,us6000inze,2022-11-26T20:57:21.040Z,"northern Mid-Atlantic Ridge",earthquake,10.18,1.925,0.2,7,reviewed,us,us
